<?xml version="1.0"?>
<webRowSet xmlns="http://java.sun.com/xml/ns/jdbc" xmlns:xsi="http://www.w3.org/2001/XMLSchema-instance"
xsi:schemaLocation="http://java.sun.com/xml/ns/jdbc http://java.sun.com/xml/ns/jdbc/webrowset.xsd">
  <properties>
    <command><null/></command>
    <concurrency>1008</concurrency>
    <datasource>rs</datasource>
    <escape-processing>true</escape-processing>
    <fetch-direction>1000</fetch-direction>
    <fetch-size>0</fetch-size>
    <isolation-level>2</isolation-level>
    <key-columns>
    </key-columns>
    <map>
    </map>
    <max-field-size>0</max-field-size>
    <max-rows>0</max-rows>
    <query-timeout>0</query-timeout>
    <read-only>true</read-only>
    <rowset-type>ResultSet.TYPE_SCROLL_INSENSITIVE</rowset-type>
    <show-deleted>false</show-deleted>
    <table-name><null/></table-name>
    <url><null/></url>
    <sync-provider>
      <sync-provider-name>com.sun.rowset.providers.RIOptimisticProvider</sync-provider-name>
      <sync-provider-vendor>Oracle Corporation</sync-provider-vendor>
      <sync-provider-version>1.0</sync-provider-version>
      <sync-provider-grade>2</sync-provider-grade>
      <data-source-lock>1</data-source-lock>
    </sync-provider>
  </properties>
  <metadata>
    <column-count>5</column-count>
    <column-definition>
      <column-index>1</column-index>
      <auto-increment>true</auto-increment>
      <case-sensitive>false</case-sensitive>
      <currency>false</currency>
      <nullable>0</nullable>
      <signed>true</signed>
      <searchable>true</searchable>
      <column-display-size>10</column-display-size>
      <column-label>id</column-label>
      <column-name>id</column-name>
      <schema-name></schema-name>
      <column-precision>10</column-precision>
      <column-scale>0</column-scale>
      <table-name>employees</table-name>
      <catalog-name>javatoturial</catalog-name>
      <column-type>4</column-type>
      <column-type-name>INT</column-type-name>
    </column-definition>
    <column-definition>
      <column-index>2</column-index>
      <auto-increment>false</auto-increment>
      <case-sensitive>false</case-sensitive>
      <currency>false</currency>
      <nullable>0</nullable>
      <signed>false</signed>
      <searchable>true</searchable>
      <column-display-size>30</column-display-size>
      <column-label>firstName</column-label>
      <column-name>firstName</column-name>
      <schema-name></schema-name>
      <column-precision>30</column-precision>
      <column-scale>0</column-scale>
      <table-name>employees</table-name>
      <catalog-name>javatoturial</catalog-name>
      <column-type>12</column-type>
      <column-type-name>VARCHAR</column-type-name>
    </column-definition>
    <column-definition>
      <column-index>3</column-index>
      <auto-increment>false</auto-increment>
      <case-sensitive>false</case-sensitive>
      <currency>false</currency>
      <nullable>0</nullable>
      <signed>false</signed>
      <searchable>true</searchable>
      <column-display-size>30</column-display-size>
      <column-label>lastName</column-label>
      <column-name>lastName</column-name>
      <schema-name></schema-name>
      <column-precision>30</column-precision>
      <column-scale>0</column-scale>
      <table-name>employees</table-name>
      <catalog-name>javatoturial</catalog-name>
      <column-type>12</column-type>
      <column-type-name>VARCHAR</column-type-name>
    </column-definition>
    <column-definition>
      <column-index>4</column-index>
      <auto-increment>false</auto-increment>
      <case-sensitive>false</case-sensitive>
      <currency>false</currency>
      <nullable>0</nullable>
      <signed>false</signed>
      <searchable>true</searchable>
      <column-display-size>60</column-display-size>
      <column-label>email</column-label>
      <column-name>email</column-name>
      <schema-name></schema-name>
      <column-precision>60</column-precision>
      <column-scale>0</column-scale>
      <table-name>employees</table-name>
      <catalog-name>javatoturial</catalog-name>
      <column-type>12</column-type>
      <column-type-name>VARCHAR</column-type-name>
    </column-definition>
    <column-definition>
      <column-index>5</column-index>
      <auto-increment>false</auto-increment>
      <case-sensitive>false</case-sensitive>
      <currency>false</currency>
      <nullable>0</nullable>
      <signed>true</signed>
      <searchable>true</searchable>
      <column-display-size>10</column-display-size>
      <column-label>phone</column-label>
      <column-name>phone</column-name>
      <schema-name></schema-name>
      <column-precision>10</column-precision>
      <column-scale>0</column-scale>
      <table-name>employees</table-name>
      <catalog-name>javatoturial</catalog-name>
      <column-type>4</column-type>
      <column-type-name>INT</column-type-name>
    </column-definition>
  </metadata>
  <data>
    <currentRow>
      <columnValue>1</columnValue>
      <columnValue>Mohammed</columnValue>
      <columnValue>Adel</columnValue>
      <columnValue>mohamed@gmail.com</columnValue>
      <columnValue>1062535301</columnValue>
    </currentRow>
    <currentRow>
      <columnValue>2</columnValue>
      <columnValue>omarrrr</columnValue>
      <columnValue>gamal</columnValue>
      <columnValue>omar@gmail.com</columnValue>
      <columnValue>1062535301</columnValue>
    </currentRow>
    <currentRow>
      <columnValue>4</columnValue>
      <columnValue>yousef</columnValue>
      <columnValue>mohamed</columnValue>
      <columnValue>yousef@gmail.com</columnValue>
      <columnValue>1561651</columnValue>
    </currentRow>
    <currentRow>
      <columnValue>6</columnValue>
      <columnValue>fmds</columnValue>
      <columnValue>vfd</columnValue>
      <columnValue>fdgfd</columnValue>
      <columnValue>6</columnValue>
    </currentRow>
  </data>
</webRowSet>
